"","town","party","registered2016"
"1","Andover","Democratic",741
"2","Andover","Green Party",4
"3","Andover","Independent",27
"4","Andover","Libertarian",6
"5","Andover","Republican",582
"6","Andover","Unaffiliated",824
"7","Ansonia","Democratic",3198
"8","Ansonia","Green Party",7
"9","Ansonia","Independent",86
"10","Ansonia","Libertarian",1
"11","Ansonia","Republican",1550
"12","Ansonia","Unaffiliated",3941
"13","Ashford","Democratic",1021
"14","Ashford","Green Party",5
"15","Ashford","Independent",17
"16","Ashford","Libertarian",7
"17","Ashford","Republican",577
"18","Ashford","Unaffiliated",1139
"19","Avon","Democratic",3684
"20","Avon","Green Party",6
"21","Avon","Independent",69
"22","Avon","Libertarian",19
"23","Avon","Republican",4078
"24","Avon","Unaffiliated",4693
"25","Barkhamsted","Democratic",724
"26","Barkhamsted","Green Party",8
"27","Barkhamsted","Independent",14
"28","Barkhamsted","Libertarian",4
"29","Barkhamsted","Republican",856
"30","Barkhamsted","Unaffiliated",1130
"31","Beacon Falls","Democratic",1123
"32","Beacon Falls","Independent",45
"33","Beacon Falls","Libertarian",7
"34","Beacon Falls","Republican",1069
"35","Beacon Falls","Unaffiliated",1992
"36","Beacon Falls","Working Families",1
"37","Berlin","Democratic",4912
"38","Berlin","Green Party",5
"39","Berlin","Independent",39
"40","Berlin","Libertarian",22
"41","Berlin","Republican",3499
"42","Berlin","Unaffiliated",5167
"43","Berlin","Working Families",3
"44","Bethany","Democratic",1149
"45","Bethany","Green Party",5
"46","Bethany","Independent",39
"47","Bethany","Libertarian",5
"48","Bethany","Republican",1142
"49","Bethany","Unaffiliated",1787
"50","Bethel","Democratic",3385
"51","Bethel","Green Party",9
"52","Bethel","Independent",155
"53","Bethel","Libertarian",18
"54","Bethel","Pro-Bethel",2
"55","Bethel","Republican",3342
"56","Bethel","Unaffiliated",5172
"57","Bethel","Working Families",1
"58","Bethlehem","Democratic",670
"59","Bethlehem","Green Party",2
"60","Bethlehem","Independent",32
"61","Bethlehem","Libertarian",7
"62","Bethlehem","Republican",876
"63","Bethlehem","Unaffiliated",1057
"64","Bethlehem","Working Families",1
"65","Bloomfield","Democratic",8296
"66","Bloomfield","Green Party",9
"67","Bloomfield","Independent",81
"68","Bloomfield","Libertarian",11
"69","Bloomfield","Republican",1445
"70","Bloomfield","Unaffiliated",3704
"71","Bloomfield","Working Families",8
"72","Bolton","Democratic",1033
"73","Bolton","Green Party",3
"74","Bolton","Independent",30
"75","Bolton","Libertarian",6
"76","Bolton","Republican",989
"77","Bolton","Unaffiliated",1297
"78","Bozrah","Democratic",616
"79","Bozrah","Green Party",1
"80","Bozrah","Independent",39
"81","Bozrah","Libertarian",2
"82","Bozrah","Republican",348
"83","Bozrah","Unaffiliated",751
"84","Branford","Democratic",6759
"85","Branford","Green Party",14
"86","Branford","Independent",102
"87","Branford","Libertarian",29
"88","Branford","Republican",3555
"89","Branford","Unaffiliated",9150
"90","Bridgeport","Democratic",44988
"91","Bridgeport","Green Party",35
"92","Bridgeport","Independent",278
"93","Bridgeport","Libertarian",24
"94","Bridgeport","Republican",4016
"95","Bridgeport","Unaffiliated",17327
"96","Bridgeport","Working Families",6
"97","Bridgewater","Democratic",413
"98","Bridgewater","Green Party",3
"99","Bridgewater","Independent",17
"100","Bridgewater","Libertarian",2
"101","Bridgewater","Republican",430
"102","Bridgewater","Unaffiliated",463
"103","Bristol","Democratic",12981
"104","Bristol","Green Party",22
"105","Bristol","Independent",422
"106","Bristol","Libertarian",41
"107","Bristol","Republican",6726
"108","Bristol","Unaffiliated",13429
"109","Bristol","Working Families",1
"110","Brookfield","A Brookfield Party",31
"111","Brookfield","Democratic",2542
"112","Brookfield","Green Party",9
"113","Brookfield","Independent",168
"114","Brookfield","Libertarian",11
"115","Brookfield","Republican",3749
"116","Brookfield","U-It",1
"117","Brookfield","Unaffiliated",4568
"118","Brooklyn","Democratic",1427
"119","Brooklyn","Green Party",4
"120","Brooklyn","Independent",67
"121","Brooklyn","Libertarian",10
"122","Brooklyn","Republican",1177
"123","Brooklyn","Unaffiliated",2506
"124","Brooklyn","Working Families",2
"125","Burlington","Democratic",1672
"126","Burlington","Green Party",2
"127","Burlington","Independent",60
"128","Burlington","Libertarian",5
"129","Burlington","Republican",1828
"130","Burlington","Unaffiliated",2523
"131","Canaan","Democratic",268
"132","Canaan","Green Party",2
"133","Canaan","Independent",3
"134","Canaan","Republican",184
"135","Canaan","Unaffiliated",274
"136","Canterbury","Canterbury First",2
"137","Canterbury","Democratic",791
"138","Canterbury","Green Party",4
"139","Canterbury","Independent",37
"140","Canterbury","Libertarian",12
"141","Canterbury","Republican",1040
"142","Canterbury","Unaffiliated",1524
"143","Canterbury","Working Families",2
"144","Canton","Democratic",2367
"145","Canton","Green Party",10
"146","Canton","Independent",64
"147","Canton","Libertarian",12
"148","Canton","Republican",2259
"149","Canton","Unaffiliated",2734
"150","Chaplin","Democratic",416
"151","Chaplin","Independent",10
"152","Chaplin","Libertarian",1
"153","Chaplin","Republican",450
"154","Chaplin","Unaffiliated",529
"155","Cheshire","Democratic",5139
"156","Cheshire","Green Party",12
"157","Cheshire","Independent",141
"158","Cheshire","Libertarian",29
"159","Cheshire","Republican",4753
"160","Cheshire","Unaffiliated",8165
"161","Cheshire","Working Families",4
"162","Chester","Democratic",1026
"163","Chester","Green Party",3
"164","Chester","Independent",29
"165","Chester","Libertarian",6
"166","Chester","Republican",535
"167","Chester","Unaffiliated",992
"168","Clinton","Democratic",2770
"169","Clinton","Green Party",18
"170","Clinton","Independent",128
"171","Clinton","Libertarian",11
"172","Clinton","Republican",2411
"173","Clinton","Unaffiliated",3999
"174","Clinton","Working Families",1
"175","Colchester","Democratic",3316
"176","Colchester","Green Party",6
"177","Colchester","Independent",126
"178","Colchester","Libertarian",20
"179","Colchester","Republican",2548
"180","Colchester","Unaffiliated",4824
"181","Colebrook","Democratic",273
"182","Colebrook","Green Party",2
"183","Colebrook","Independent",11
"184","Colebrook","Libertarian",2
"185","Colebrook","Republican",293
"186","Colebrook","Unaffiliated",434
"187","Columbia","Democratic",1273
"188","Columbia","Green Party",9
"189","Columbia","Independent",120
"190","Columbia","Libertarian",7
"191","Columbia","Republican",955
"192","Columbia","Unaffiliated",1398
"193","Columbia","Working Families",2
"194","Cornwall","Democratic",453
"195","Cornwall","Green Party",4
"196","Cornwall","Independent",1
"197","Cornwall","Libertarian",3
"198","Cornwall","Republican",206
"199","Cornwall","Unaffiliated",382
"200","Coventry","Democratic",2440
"201","Coventry","Green Party",15
"202","Coventry","Independent",49
"203","Coventry","Libertarian",15
"204","Coventry","Republican",1853
"205","Coventry","Unaffiliated",3484
"206","Coventry","Unaffiliated (Conservative)",1
"207","Coventry","Working Families",1
"208","Cromwell","Democratic",3386
"209","Cromwell","Green Party",2
"210","Cromwell","Independent",105
"211","Cromwell","Libertarian",13
"212","Cromwell","Republican",2249
"213","Cromwell","Unaffiliated",4141
"214","Cromwell","Working Families",1
"215","Danbury","Democratic",12476
"216","Danbury","Green Party",31
"217","Danbury","Independent",542
"218","Danbury","Libertarian",48
"219","Danbury","Republican",7794
"220","Danbury","Unaffiliated",17657
"221","Danbury","Working Families",3
"222","Darien","Democratic",2723
"223","Darien","Green Party",3
"224","Darien","Independent",93
"225","Darien","Libertarian",20
"226","Darien","Republican",6122
"227","Darien","Unaffiliated",4705
"228","Deep River","Democratic",1150
"229","Deep River","Green Party",5
"230","Deep River","Independent",31
"231","Deep River","Libertarian",1
"232","Deep River","Republican",687
"233","Deep River","Unaffiliated",1444
"234","Deep River","Working Families",2
"235","Derby","Democratic",2373
"236","Derby","Green Party",7
"237","Derby","Independent",56
"238","Derby","Libertarian",9
"239","Derby","Republican",1044
"240","Derby","Unaffiliated",2529
"241","Durham","Democratic",1305
"242","Durham","Green Party",3
"243","Durham","Independent",36
"244","Durham","Libertarian",11
"245","Durham","Republican",1553
"246","Durham","Unaffiliated",2308
"247","East Granby","Democratic",1056
"248","East Granby","Green Party",3
"249","East Granby","Independent",52
"250","East Granby","Libertarian",7
"251","East Granby","Republican",1023
"252","East Granby","Unaffiliated",1495
"253","East Haddam","Democratic",1941
"254","East Haddam","Green Party",1
"255","East Haddam","Independent",62
"256","East Haddam","Libertarian",8
"257","East Haddam","Republican",1615
"258","East Haddam","Unaffiliated",2731
"259","East Hampton","Chatham Party",5
"260","East Hampton","Democratic",2568
"261","East Hampton","Green Party",8
"262","East Hampton","Independent",77
"263","East Hampton","Libertarian",15
"264","East Hampton","Republican",1998
"265","East Hampton","Unaffiliated",3827
"266","East Hampton","Working Families",2
"267","East Hartford","Democratic",13299
"268","East Hartford","Friends Of Saybrook",1
"269","East Hartford","Green Party",15
"270","East Hartford","Independent",136
"271","East Hartford","Libertarian",25
"272","East Hartford","Republican",2852
"273","East Hartford","U-It",4
"274","East Hartford","Unaffiliated",10979
"275","East Hartford","Working Families",17
"276","East Haven","Democratic",5785
"277","East Haven","Green Party",12
"278","East Haven","Independent",199
"279","East Haven","Libertarian",4
"280","East Haven","Republican",3190
"281","East Haven","Unaffiliated",7044
"282","East Haven","Working Families",4
"283","East Lyme","Democratic",3853
"284","East Lyme","Green Party",5
"285","East Lyme","Independent",67
"286","East Lyme","Libertarian",19
"287","East Lyme","Republican",2945
"288","East Lyme","Unaffiliated",5014
"289","East Windsor","Democratic",2486
"290","East Windsor","Green Party",9
"291","East Windsor","Independent",70
"292","East Windsor","Libertarian",4
"293","East Windsor","Republican",1628
"294","East Windsor","Unaffiliated",3504
"295","East Windsor","Working Families",2
"296","Eastford","Democratic",310
"297","Eastford","Independent",6
"298","Eastford","Libertarian",2
"299","Eastford","Republican",433
"300","Eastford","Unaffiliated",439
"301","Easton","Democratic",1383
"302","Easton","Green Party",2
"303","Easton","Independent",47
"304","Easton","Libertarian",9
"305","Easton","Republican",1802
"306","Easton","Unaffiliated",2265
"307","Easton","Working Families",1
"308","Ellington","Democratic",2501
"309","Ellington","Green Party",6
"310","Ellington","Independent",121
"311","Ellington","Libertarian",12
"312","Ellington","Republican",2717
"313","Ellington","Unaffiliated",4732
"314","Enfield","A Connecticut Party",1
"315","Enfield","Democratic",7999
"316","Enfield","Green Party",23
"317","Enfield","Independence",1
"318","Enfield","Independent",445
"319","Enfield","Libertarian",31
"320","Enfield","Republican",5143
"321","Enfield","Unaffiliated",9049
"322","Enfield","Working Families",3
"323","Essex","Democratic",1667
"324","Essex","Green Party",7
"325","Essex","Independent",38
"326","Essex","Libertarian",10
"327","Essex","Republican",1450
"328","Essex","Unaffiliated",1833
"329","Fairfield","Democratic",11884
"330","Fairfield","Green Party",34
"331","Fairfield","Independent",418
"332","Fairfield","Libertarian",43
"333","Fairfield","Republican",11319
"334","Fairfield","Unaffiliated",15614
"335","Fairfield","Working Families",5
"336","Farmington","Democratic",5891
"337","Farmington","Green Party",12
"338","Farmington","Independent",179
"339","Farmington","Libertarian",21
"340","Farmington","Republican",4764
"341","Farmington","Unaffiliated",7600
"342","Farmington","Working Families",2
"343","Franklin","Democratic",362
"344","Franklin","Independent",9
"345","Franklin","Libertarian",4
"346","Franklin","Republican",341
"347","Franklin","Unaffiliated",549
"348","Glastonbury","Democratic",7526
"349","Glastonbury","Green Party",21
"350","Glastonbury","Independent",199
"351","Glastonbury","Libertarian",36
"352","Glastonbury","Republican",6204
"353","Glastonbury","Unaffiliated",8683
"354","Glastonbury","Working Families",3
"355","Goshen","Democratic",565
"356","Goshen","Green Party",3
"357","Goshen","Independent",31
"358","Goshen","Libertarian",4
"359","Goshen","Republican",795
"360","Goshen","Unaffiliated",800
"361","Goshen","Working Families",2
"362","Granby","Democratic",2059
"363","Granby","Green Party",10
"364","Granby","Independent",77
"365","Granby","Libertarian",18
"366","Granby","Republican",2433
"367","Granby","Unaffiliated",2839
"368","Greenwich","Democratic",9685
"369","Greenwich","Green Party",17
"370","Greenwich","Independent",478
"371","Greenwich","Libertarian",37
"372","Greenwich","Republican",13267
"373","Greenwich","Unaffiliated",12992
"374","Greenwich","Working Families",2
"375","Griswold","Democratic",2278
"376","Griswold","Green Party",6
"377","Griswold","Independent",123
"378","Griswold","Libertarian",18
"379","Griswold","Republican",1584
"380","Griswold","Unaffiliated",2993
"381","Groton","Democratic",5852
"382","Groton","Green Party",14
"383","Groton","Independence",1
"384","Groton","Independent",122
"385","Groton","Libertarian",28
"386","Groton","Reform",1
"387","Groton","Republican",3747
"388","Groton","Unaffiliated",7716
"389","Groton","Working Families",2
"390","Guilford","Democratic",5445
"391","Guilford","Green Party",17
"392","Guilford","Independent",113
"393","Guilford","Libertarian",23
"394","Guilford","Republican",3495
"395","Guilford","U/i",1
"396","Guilford","Unaffiliated",5945
"397","Guilford","Working Families",1
"398","Haddam","Democratic",1847
"399","Haddam","Green Party",5
"400","Haddam","Independent",25
"401","Haddam","Libertarian",12
"402","Haddam","Republican",1482
"403","Haddam","Unaffiliated",2586
"404","Hamden","A Connecticut Party",1
"405","Hamden","Democratic",16163
"406","Hamden","Green Party",31
"407","Hamden","Independence",3
"408","Hamden","Independent",305
"409","Hamden","Libertarian",21
"410","Hamden","Republican",4013
"411","Hamden","Spring Glen Party",8
"412","Hamden","Unaffiliated",11145
"413","Hamden","Working Families",1
"414","Hampton","Democratic",401
"415","Hampton","Green Party",2
"416","Hampton","Independent",16
"417","Hampton","Libertarian",3
"418","Hampton","Republican",345
"419","Hampton","Unaffiliated",458
"420","Hartford","Democratic",39173
"421","Hartford","Green Party",35
"422","Hartford","Independent",296
"423","Hartford","Libertarian",21
"424","Hartford","Republican",2082
"425","Hartford","Unaffiliated",13855
"426","Hartford","Working Families",74
"427","Hartland","Democratic",346
"428","Hartland","Independent",28
"429","Hartland","Republican",636
"430","Hartland","Unaffiliated",535
"431","Harwinton","Democratic",988
"432","Harwinton","Green Party",7
"433","Harwinton","Independent",38
"434","Harwinton","Libertarian",10
"435","Harwinton","Republican",1318
"436","Harwinton","Unaffiliated",1683
"437","Hebron","Democratic",1938
"438","Hebron","Green Party",7
"439","Hebron","Independent",26
"440","Hebron","Libertarian",9
"441","Hebron","Republican",1799
"442","Hebron","Unaffiliated",3045
"443","Kent","Democratic",813
"444","Kent","Green Party",1
"445","Kent","Independent",11
"446","Kent","Republican",455
"447","Kent","Unaffiliated",691
"448","Killingly","Democratic",2566
"449","Killingly","Green Party",5
"450","Killingly","Independent",124
"451","Killingly","Libertarian",20
"452","Killingly","Republican",1897
"453","Killingly","Unaffiliated",5062
"454","Killingly","Working Families",3
"455","Killingworth","Democratic",1233
"456","Killingworth","Green Party",2
"457","Killingworth","Independent",32
"458","Killingworth","Libertarian",3
"459","Killingworth","Republican",1391
"460","Killingworth","Unaffiliated",1932
"461","Killingworth","Working Families",1
"462","Lebanon","Democratic",1248
"463","Lebanon","Green Party",4
"464","Lebanon","Independent",42
"465","Lebanon","Libertarian",14
"466","Lebanon","Republican",1259
"467","Lebanon","Unaffiliated",1885
"468","Ledyard","Democratic",2332
"469","Ledyard","Green Party",7
"470","Ledyard","Independent",255
"471","Ledyard","Libertarian",10
"472","Ledyard","Republican",2395
"473","Ledyard","Unaffiliated",3292
"474","Lisbon","Democratic",894
"475","Lisbon","Green Party",1
"476","Lisbon","Independent",26
"477","Lisbon","Libertarian",1
"478","Lisbon","Republican",600
"479","Lisbon","Unaffiliated",1181
"480","Lisbon","Working Families",2
"481","Litchfield","Democratic",1606
"482","Litchfield","Green Party",6
"483","Litchfield","Independent",64
"484","Litchfield","Libertarian",14
"485","Litchfield","Republican",1891
"486","Litchfield","Unaffiliated",1985
"487","Lyme","Democratic",635
"488","Lyme","Green Party",2
"489","Lyme","Independent",13
"490","Lyme","Libertarian",3
"491","Lyme","Republican",532
"492","Lyme","Unaffiliated",677
"493","Lyme","Working Families",1
"494","Madison","Democratic",3725
"495","Madison","Friends Of Saybrook",1
"496","Madison","Green Party",9
"497","Madison","Independent",112
"498","Madison","Libertarian",20
"499","Madison","Republican",4010
"500","Madison","Unaffiliated",4856
"501","Madison","Working Families",1
"502","Manchester","Democratic",12168
"503","Manchester","Green Party",21
"504","Manchester","Independent",445
"505","Manchester","Libertarian",46
"506","Manchester","Republican",5203
"507","Manchester","Unaffiliated",11111
"508","Manchester","Working Families",5
"509","Mansfield","Democratic",6093
"510","Mansfield","Green Party",21
"511","Mansfield","Independent",125
"512","Mansfield","Libertarian",24
"513","Mansfield","Republican",1739
"514","Mansfield","Unaffiliated",5422
"515","Marlborough","Democratic",1363
"516","Marlborough","Green Party",3
"517","Marlborough","Independent",84
"518","Marlborough","Libertarian",5
"519","Marlborough","Republican",1198
"520","Marlborough","Unaffiliated",1658
"521","Marlborough","Working Families",1
"522","Meriden","Democratic",11155
"523","Meriden","Green Party",20
"524","Meriden","Independent",191
"525","Meriden","Libertarian",40
"526","Meriden","Republican",4675
"527","Meriden","Unaffiliated",15665
"528","Meriden","We The People",44
"529","Meriden","Working Families",1
"530","Middlebury","Democratic",1204
"531","Middlebury","Green Party",5
"532","Middlebury","Independent",61
"533","Middlebury","Libertarian",6
"534","Middlebury","Republican",2405
"535","Middlebury","Unaffiliated",1854
"536","Middlefield","Democratic",999
"537","Middlefield","Green Party",3
"538","Middlefield","Independent",20
"539","Middlefield","Libertarian",3
"540","Middlefield","Republican",705
"541","Middlefield","Unaffiliated",1548
"542","Middlefield","Working Families",3
"543","Middletown","Democratic",11885
"544","Middletown","Green Party",44
"545","Middletown","Independent",321
"546","Middletown","Libertarian",42
"547","Middletown","Realistic Balance",3
"548","Middletown","Republican",3986
"549","Middletown","Unaffiliated",8830
"550","Middletown","Working Families",6
"551","Milford","Democratic",10287
"552","Milford","Green Party",31
"553","Milford","Independent",396
"554","Milford","Libertarian",53
"555","Milford","Milford Independent Party",8
"556","Milford","Republican",7998
"557","Milford","Unaffiliated",16592
"558","Milford","Working Families",1
"559","Monroe","Democratic",2726
"560","Monroe","Green Party",6
"561","Monroe","Independent",137
"562","Monroe","Libertarian",19
"563","Monroe","Republican",3566
"564","Monroe","Unaffiliated",6035
"565","Monroe","Working Families",1
"566","Montville","Democratic",2797
"567","Montville","Green Party",12
"568","Montville","Independence For Montville",6
"569","Montville","Independent",89
"570","Montville","Libertarian",14
"571","Montville","Republican",1967
"572","Montville","Unaffiliated",4543
"573","Morris","Democratic",406
"574","Morris","Green Party",1
"575","Morris","Independent",23
"576","Morris","Libertarian",3
"577","Morris","Republican",711
"578","Morris","Unaffiliated",654
"579","Naugatuck","Democratic",5960
"580","Naugatuck","Green Party",11
"581","Naugatuck","Independence",1
"582","Naugatuck","Independent",244
"583","Naugatuck","Libertarian",23
"584","Naugatuck","Republican",3946
"585","Naugatuck","Unaffiliated",8105
"586","Naugatuck","Working Families",3
"587","New Britain","Democratic",15471
"588","New Britain","Green Party",49
"589","New Britain","Independent",328
"590","New Britain","Libertarian",24
"591","New Britain","Republican",3192
"592","New Britain","Unaffiliated",10261
"593","New Britain","Working Families",36
"594","New Canaan","Democratic",2943
"595","New Canaan","Green Party",10
"596","New Canaan","Independent",85
"597","New Canaan","Libertarian",18
"598","New Canaan","Republican",6565
"599","New Canaan","Unaffiliated",4109
"600","New Fairfield","Democratic",2282
"601","New Fairfield","Green Party",8
"602","New Fairfield","Independent",154
"603","New Fairfield","Independent Choice",1
"604","New Fairfield","Libertarian",18
"605","New Fairfield","Republican",3259
"606","New Fairfield","Unaffiliated",4508
"607","New Fairfield","Working Families",4
"608","New Hartford","Democratic",1282
"609","New Hartford","Green Party",3
"610","New Hartford","Independent",103
"611","New Hartford","Libertarian",6
"612","New Hartford","Republican",1505
"613","New Hartford","Unaffiliated",1766
"614","New Haven","Democratic",51681
"615","New Haven","Green Party",106
"616","New Haven","Guilty",1
"617","New Haven","Independence",9
"618","New Haven","Independent",395
"619","New Haven","Libertarian",44
"620","New Haven","Reform",2
"621","New Haven","Republican",3079
"622","New Haven","Unaffiliated",20527
"623","New Haven","Working Families",9
"624","New London","Democratic",7713
"625","New London","Green Party",63
"626","New London","Independent",92
"627","New London","Libertarian",21
"628","New London","Republican",1417
"629","New London","Unaffiliated",5791
"630","New London","Working Families",5
"631","New Milford","Democratic",4467
"632","New Milford","Green Party",26
"633","New Milford","Independent",202
"634","New Milford","Libertarian",32
"635","New Milford","Republican",4787
"636","New Milford","Unaffiliated",7224
"637","New Milford","Working Families",5
"638","Newington","Democratic",7693
"639","Newington","Green Party",9
"640","Newington","Independent",251
"641","Newington","Libertarian",21
"642","Newington","Republican",3483
"643","Newington","Unaffiliated",7132
"644","Newington","Working Families",1
"645","Newtown","Democratic",5096
"646","Newtown","Green Party",14
"647","Newtown","Independent",305
"648","Newtown","Libertarian",28
"649","Newtown","Republican",5655
"650","Newtown","Unaffiliated",6971
"651","Newtown","Working Families",1
"652","Norfolk","Democratic",435
"653","Norfolk","Green Party",1
"654","Norfolk","Independent",11
"655","Norfolk","Libertarian",2
"656","Norfolk","Republican",221
"657","Norfolk","Unaffiliated",460
"658","North Branford","Democratic",2227
"659","North Branford","Green Party",7
"660","North Branford","Independent",53
"661","North Branford","Libertarian",21
"662","North Branford","Republican",2269
"663","North Branford","Unaffiliated",4784
"664","North Canaan","Democratic",563
"665","North Canaan","Green Party",5
"666","North Canaan","Independent",14
"667","North Canaan","Libertarian",2
"668","North Canaan","Republican",586
"669","North Canaan","Unaffiliated",985
"670","North Canaan","Working Families",3
"671","North Haven","Democratic",4215
"672","North Haven","Green Party",16
"673","North Haven","Independent",120
"674","North Haven","Libertarian",15
"675","North Haven","Republican",4208
"676","North Haven","Unaffiliated",7622
"677","North Haven","Working Families",1
"678","North Stonington","Democratic",1006
"679","North Stonington","Green Party",10
"680","North Stonington","Independent",19
"681","North Stonington","Libertarian",5
"682","North Stonington","Republican",1197
"683","North Stonington","Unaffiliated",1810
"684","Norwalk","Democratic",18125
"685","Norwalk","Green Party",31
"686","Norwalk","Independent",866
"687","Norwalk","Libertarian",55
"688","Norwalk","Republican",9344
"689","Norwalk","Unaffiliated",19468
"690","Norwalk","Working Families",4
"691","Norwich","A Connecticut Party",1
"692","Norwich","Democratic",6956
"693","Norwich","Green Party",23
"694","Norwich","Independence",3
"695","Norwich","Independent",228
"696","Norwich","Libertarian",43
"697","Norwich","Republican",2815
"698","Norwich","Unaffiliated",7465
"699","Norwich","Working Families",5
"700","Old Lyme","Democratic",1698
"701","Old Lyme","Green Party",2
"702","Old Lyme","Independent",51
"703","Old Lyme","Libertarian",6
"704","Old Lyme","Republican",1725
"705","Old Lyme","Unaffiliated",2021
"706","Old Saybrook","Democratic",2339
"707","Old Saybrook","Green Party",6
"708","Old Saybrook","Independent",88
"709","Old Saybrook","Libertarian",4
"710","Old Saybrook","Republican",2450
"711","Old Saybrook","Unaffiliated",3063
"712","Orange","Democratic",2657
"713","Orange","Green Party",4
"714","Orange","Independent",106
"715","Orange","Libertarian",13
"716","Orange","Republican",2698
"717","Orange","Unaffiliated",5124
"718","Orange","Working Families",1
"719","Oxford","Democratic",1572
"720","Oxford","Green Party",2
"721","Oxford","Independent",136
"722","Oxford","Libertarian",7
"723","Oxford","Republican",2945
"724","Oxford","Unaffiliated",3968
"725","Oxford","Working Families",1
"726","Plainfield","Democratic",3088
"727","Plainfield","Green Party",14
"728","Plainfield","Independent",149
"729","Plainfield","Libertarian",11
"730","Plainfield","Republican",1797
"731","Plainfield","Unaffiliated",4196
"732","Plainfield","Working Families",1
"733","Plainville","Democratic",3875
"734","Plainville","Green Party",9
"735","Plainville","Independent",86
"736","Plainville","Libertarian",11
"737","Plainville","Republican",2347
"738","Plainville","Unaffiliated",4773
"739","Plainville","Working Families",2
"740","Plymouth","Democratic",1922
"741","Plymouth","Green Party",8
"742","Plymouth","Independent",63
"743","Plymouth","Libertarian",5
"744","Plymouth","Republican",1898
"745","Plymouth","Unaffiliated",3907
"746","Pomfret","Democratic",863
"747","Pomfret","Green Party",1
"748","Pomfret","Independent",21
"749","Pomfret","Libertarian",4
"750","Pomfret","Republican",692
"751","Pomfret","Unaffiliated",1059
"752","Pomfret","Working Families",1
"753","Portland","Democratic",2130
"754","Portland","Green Party",5
"755","Portland","Independent",35
"756","Portland","Libertarian",9
"757","Portland","Republican",1383
"758","Portland","Unaffiliated",2346
"759","Preston","Democratic",787
"760","Preston","Green Party",2
"761","Preston","Independent",38
"762","Preston","Libertarian",4
"763","Preston","Republican",862
"764","Preston","Unaffiliated",1344
"765","Prospect","Democratic",1397
"766","Prospect","Green Party",4
"767","Prospect","Independent",61
"768","Prospect","Libertarian",9
"769","Prospect","Republican",2163
"770","Prospect","Unaffiliated",2848
"771","Prospect","Working Families",3
"772","Putnam","Democratic",1815
"773","Putnam","Green Party",4
"774","Putnam","Independent",80
"775","Putnam","Libertarian",8
"776","Putnam","Republican",1065
"777","Putnam","Unaffiliated",2583
"778","Putnam","Working Families",2
"779","Redding","Democratic",2292
"780","Redding","Green Party",8
"781","Redding","Independent",66
"782","Redding","Libertarian",7
"783","Redding","Republican",2168
"784","Redding","Unaffiliated",2623
"785","Redding","Working Families",3
"786","Ridgefield","Democratic",5202
"787","Ridgefield","Green Party",11
"788","Ridgefield","Independent",140
"789","Ridgefield","Libertarian",37
"790","Ridgefield","Republican",6174
"791","Ridgefield","Unaffiliated",6237
"792","Ridgefield","Working Families",1
"793","Rocky Hill","Democratic",4540
"794","Rocky Hill","Green Party",2
"795","Rocky Hill","Independent",23
"796","Rocky Hill","Libertarian",21
"797","Rocky Hill","Republican",2541
"798","Rocky Hill","Unaffiliated",4702
"799","Rocky Hill","Working Families",3
"800","Roxbury","Democratic",534
"801","Roxbury","Green Party",3
"802","Roxbury","Independent",14
"803","Roxbury","Libertarian",3
"804","Roxbury","Republican",527
"805","Roxbury","Unaffiliated",712
"806","Salem","Democratic",843
"807","Salem","Green Party",4
"808","Salem","Independent",21
"809","Salem","Libertarian",2
"810","Salem","Republican",648
"811","Salem","Unaffiliated",1063
"812","Salisbury","Democratic",1268
"813","Salisbury","Green Party",3
"814","Salisbury","Independent",27
"815","Salisbury","Republican",584
"816","Salisbury","Unaffiliated",919
"817","Salisbury","Working Families",2
"818","Scotland","Democratic",336
"819","Scotland","Green Party",3
"820","Scotland","Independent",15
"821","Scotland","Libertarian",1
"822","Scotland","Republican",305
"823","Scotland","Unaffiliated",523
"824","Seymour","Democratic",2415
"825","Seymour","Green Party",9
"826","Seymour","Independent",33
"827","Seymour","Libertarian",16
"828","Seymour","Republican",2464
"829","Seymour","Unaffiliated",5265
"830","Seymour","Working Families",2
"831","Sharon","Democratic",646
"832","Sharon","Green Party",3
"833","Sharon","Independent",2
"834","Sharon","Republican",464
"835","Sharon","Unaffiliated",578
"836","Shelton","Democratic",5877
"837","Shelton","Friends Of Saybrook",1
"838","Shelton","Green Party",10
"839","Shelton","Independent",123
"840","Shelton","Libertarian",28
"841","Shelton","Republican",7133
"842","Shelton","Unaffiliated",12097
"843","Shelton","Working Families",4
"844","Sherman","Democratic",663
"845","Sherman","Green Party",3
"846","Sherman","Independent",41
"847","Sherman","Libertarian",2
"848","Sherman","Republican",888
"849","Sherman","Unaffiliated",1143
"850","Simsbury","Democratic",5560
"851","Simsbury","Green Party",8
"852","Simsbury","Independent",122
"853","Simsbury","Libertarian",23
"854","Simsbury","Republican",5331
"855","Simsbury","Unaffiliated",6304
"856","Simsbury","Working Families",1
"857","Somers","Democratic",1306
"858","Somers","Independent",57
"859","Somers","Libertarian",4
"860","Somers","Republican",1948
"861","Somers","Unaffiliated",2479
"862","South Windsor","Democratic",5824
"863","South Windsor","Green Party",13
"864","South Windsor","Independent",148
"865","South Windsor","Libertarian",25
"866","South Windsor","Republican",3671
"867","South Windsor","South Windsor Citizens",1
"868","South Windsor","Unaffiliated",6261
"869","Southbury","Democratic",3427
"870","Southbury","Green Party",11
"871","Southbury","Independent",168
"872","Southbury","Libertarian",23
"873","Southbury","Republican",4677
"874","Southbury","Unaffiliated",5752
"875","Southbury","Working Families",1
"876","Southington","Democratic",8027
"877","Southington","Green Party",8
"878","Southington","Independent",447
"879","Southington","Libertarian",41
"880","Southington","Republican",6937
"881","Southington","Unaffiliated",11563
"882","Sprague","Democratic",640
"883","Sprague","Independent",13
"884","Sprague","Libertarian",6
"885","Sprague","Republican",377
"886","Sprague","Unaffiliated",728
"887","Stafford","Democratic",2699
"888","Stafford","Green Party",10
"889","Stafford","Independent",61
"890","Stafford","Libertarian",18
"891","Stafford","Open",9
"892","Stafford","Republican",1617
"893","Stafford","Unaffiliated",3366
"894","Stamford","Democratic",26739
"895","Stamford","Green Party",50
"896","Stamford","Independent",1077
"897","Stamford","Libertarian",83
"898","Stamford","Republican",13667
"899","Stamford","Unaffiliated",23724
"900","Stamford","Working Families",3
"901","Sterling","Democratic",492
"902","Sterling","Independent",35
"903","Sterling","Libertarian",5
"904","Sterling","Republican",553
"905","Sterling","Unaffiliated",1304
"906","Stonington","Democratic",4479
"907","Stonington","Green Party",12
"908","Stonington","Independent",93
"909","Stonington","Libertarian",20
"910","Stonington","Republican",2934
"911","Stonington","Unaffiliated",5755
"912","Stonington","Working Families",3
"913","Stratford","Democratic",11534
"914","Stratford","Friends Of Saybrook",4
"915","Stratford","Green Party",22
"916","Stratford","Independent",256
"917","Stratford","Libertarian",21
"918","Stratford","Republican",6460
"919","Stratford","Unaffiliated",15404
"920","Stratford","Working Families",1
"921","Suffield","Democratic",2427
"922","Suffield","Green Party",7
"923","Suffield","Independent",209
"924","Suffield","Libertarian",12
"925","Suffield","Republican",2601
"926","Suffield","Unaffiliated",3469
"927","Thomaston","Democratic",1078
"928","Thomaston","Green Party",1
"929","Thomaston","Independent",46
"930","Thomaston","Libertarian",3
"931","Thomaston","Republican",1327
"932","Thomaston","Unaffiliated",2120
"933","Thompson","Democratic",1692
"934","Thompson","Green Party",4
"935","Thompson","Independent",40
"936","Thompson","Libertarian",8
"937","Thompson","Republican",1241
"938","Thompson","Unaffiliated",2824
"939","Tolland","Democratic",2735
"940","Tolland","Green Party",10
"941","Tolland","Independent",122
"942","Tolland","Libertarian",20
"943","Tolland","Republican",2418
"944","Tolland","Unaffiliated",4537
"945","Torrington","Democratic",6208
"946","Torrington","Green Party",18
"947","Torrington","Independent",227
"948","Torrington","Libertarian",26
"949","Torrington","Republican",4970
"950","Torrington","Unaffiliated",8427
"951","Trumbull","Democratic",6872
"952","Trumbull","Green Party",11
"953","Trumbull","Independent",126
"954","Trumbull","Libertarian",21
"955","Trumbull","Republican",6747
"956","Trumbull","Unaffiliated",11663
"957","Union","Democratic",133
"958","Union","Independent",12
"959","Union","Libertarian",1
"960","Union","Republican",223
"961","Union","Unaffiliated",218
"962","Vernon","Democratic",5204
"963","Vernon","Green Party",24
"964","Vernon","Independent",215
"965","Vernon","Libertarian",34
"966","Vernon","Republican",3136
"967","Vernon","Unaffiliated",6812
"968","Vernon","Working Families",1
"969","Voluntown","Democratic",421
"970","Voluntown","Independent",16
"971","Voluntown","Libertarian",4
"972","Voluntown","Republican",399
"973","Voluntown","Unaffiliated",669
"974","Wallingford","Democratic",7416
"975","Wallingford","Green Party",11
"976","Wallingford","Independent",199
"977","Wallingford","Libertarian",28
"978","Wallingford","Republican",5485
"979","Wallingford","Unaffiliated",12645
"980","Warren","Democratic",260
"981","Warren","Green Party",2
"982","Warren","Independent",7
"983","Warren","Republican",359
"984","Warren","Unaffiliated",386
"985","Washington","Democratic",855
"986","Washington","Green Party",3
"987","Washington","Independent",37
"988","Washington","Libertarian",4
"989","Washington","Republican",758
"990","Washington","Unaffiliated",895
"991","Waterbury","Concerned Citizens",8
"992","Waterbury","Democratic",27601
"993","Waterbury","Friends Of Saybrook",2
"994","Waterbury","Green Party",53
"995","Waterbury","Independence",2
"996","Waterbury","Independent",777
"997","Waterbury","Libertarian",43
"998","Waterbury","Republican",7545
"999","Waterbury","Unaffiliated",23170
"1000","Waterbury","Working Families",6
"1001","Waterford","Democratic",4233
"1002","Waterford","Green Party",27
"1003","Waterford","Independent",100
"1004","Waterford","Libertarian",23
"1005","Waterford","Republican",2892
"1006","Waterford","Unaffiliated",6010
"1007","Waterford","Working Families",1
"1008","Watertown","Democratic",3588
"1009","Watertown","Green Party",9
"1010","Watertown","Independent",184
"1011","Watertown","Libertarian",19
"1012","Watertown","Republican",4347
"1013","Watertown","Unaffiliated",7050
"1014","Watertown","Working Families",1
"1015","West Hartford","Democratic",19881
"1016","West Hartford","Green Party",35
"1017","West Hartford","Independent",401
"1018","West Hartford","Libertarian",55
"1019","West Hartford","Republican",7251
"1020","West Hartford","Unaffiliated",14618
"1021","West Hartford","Working Families",2
"1022","West Haven","A Better Future",1
"1023","West Haven","Democratic",15363
"1024","West Haven","Green Party",15
"1025","West Haven","Independent",135
"1026","West Haven","Libertarian",16
"1027","West Haven","Reform",8
"1028","West Haven","Republican",2923
"1029","West Haven","Unaffiliated",7872
"1030","West Haven","Working Families",3
"1031","Westbrook","Democratic",1179
"1032","Westbrook","Green Party",6
"1033","Westbrook","Independent",64
"1034","Westbrook","Libertarian",4
"1035","Westbrook","Republican",1306
"1036","Westbrook","Unaffiliated",1976
"1037","Weston","Democratic",2420
"1038","Weston","Green Party",7
"1039","Weston","Independent",65
"1040","Weston","Libertarian",8
"1041","Weston","Republican",1908
"1042","Weston","Unaffiliated",2374
"1043","Weston","Working Families",1
"1044","Westport","Democratic",6782
"1045","Westport","Green Party",6
"1046","Westport","Independence",1
"1047","Westport","Independent",126
"1048","Westport","Libertarian",18
"1049","Westport","Republican",4637
"1050","Westport","Unaffiliated",6260
"1051","Westport","Working Families",1
"1052","Wethersfield","Democratic",6602
"1053","Wethersfield","Green Party",16
"1054","Wethersfield","Independent",113
"1055","Wethersfield","Libertarian",11
"1056","Wethersfield","Republican",3657
"1057","Wethersfield","Unaffiliated",6194
"1058","Wethersfield","Working Families",3
"1059","Willington","A Sentinel Party",19
"1060","Willington","Democratic",1111
"1061","Willington","Green Party",6
"1062","Willington","Independent",18
"1063","Willington","Libertarian",6
"1064","Willington","Republican",807
"1065","Willington","Unaffiliated",1450
"1066","Wilton","Democratic",3477
"1067","Wilton","Green Party",3
"1068","Wilton","Independent",49
"1069","Wilton","Libertarian",22
"1070","Wilton","Republican",4298
"1071","Wilton","Unaffiliated",4550
"1072","Winchester","Democratic",1590
"1073","Winchester","Green Party",6
"1074","Winchester","Independent",28
"1075","Winchester","Republican",1562
"1076","Winchester","Unaffiliated",2646
"1077","Winchester","Winsted Independent",25
"1078","Windham","Democratic",4416
"1079","Windham","Green Party",39
"1080","Windham","Independent",103
"1081","Windham","Libertarian",16
"1082","Windham","Republican",1325
"1083","Windham","Unaffiliated",4092
"1084","Windham","Working Families",3
"1085","Windsor","Democratic",10088
"1086","Windsor","Green Party",18
"1087","Windsor","Independent",148
"1088","Windsor","Libertarian",21
"1089","Windsor","Republican",2979
"1090","Windsor","Unaffiliated",7550
"1091","Windsor","Working Families",1
"1092","Windsor Locks","Democratic",2565
"1093","Windsor Locks","Green Party",6
"1094","Windsor Locks","Independent",87
"1095","Windsor Locks","Libertarian",9
"1096","Windsor Locks","Republican",1485
"1097","Windsor Locks","Unaffiliated",3460
"1098","Wolcott","Democratic",2723
"1099","Wolcott","Green Party",10
"1100","Wolcott","Independent",195
"1101","Wolcott","Libertarian",10
"1102","Wolcott","Republican",3183
"1103","Wolcott","Swing",1
"1104","Wolcott","Unaffiliated",5523
"1105","Wolcott","Working Families",1
"1106","Woodbridge","Democratic",2558
"1107","Woodbridge","Green Party",10
"1108","Woodbridge","Independent",47
"1109","Woodbridge","Libertarian",10
"1110","Woodbridge","Republican",1431
"1111","Woodbridge","Unaffiliated",2808
"1112","Woodbury","Democratic",1824
"1113","Woodbury","Green Party",7
"1114","Woodbury","Independent",171
"1115","Woodbury","Libertarian",8
"1116","Woodbury","Republican",2600
"1117","Woodbury","Unaffiliated",2669
"1118","Woodstock","Democratic",1470
"1119","Woodstock","Green Party",6
"1120","Woodstock","Independent",97
"1121","Woodstock","Libertarian",11
"1122","Woodstock","Republican",1669
"1123","Woodstock","Unaffiliated",1981
"1124","Woodstock","Working Families",2
